Model,RMSE,MAE,MAPE_%
RandomForestRegressor,1.9381372408566417,1.2749221825505814,62.81231891745226
GradientBoostingRegressor,1.960560345039206,1.2735686961479613,61.70273780169855
LinearRegression,2.010431802888125,1.37198884045585,72.49131924721013
